Workbook

Sheet Cover
B2: TÀI LIỆU BÁO CÁO KIỂM THỬ
A4: Tên dự án | B4: Issue and Defect Tracking System in SAP | E4: Người tạo | F4: DonHV
A5: Mã dự án | B5: IDTS-SAP01 | E5: Ngày phát hành | F5: 46226
A6: Mã tài liệu | B6: IDTS-SAP01_Test Report_v0.3 | E6: Phiên bản | F6: 0.3
A9: Lịch sử thay đổi
A10: Ngày hiệu lực | B10: Phiên bản | C10: Hạng mục thay đổi | D10: *A,D,M | E10: Mô tả thay đổi | F10: Tham chiếu
A11: 46226 | B11: 0.3 | C11: Toàn bộ test pack SAP490 | D11: M | E11: Đối soát từ case chuẩn và lệnh npm chính xác; Pending/Prepared không phải Passed. | F11: docs/qa/test-catalog.json

Sheet Test Cases
D1: DANH SÁCH CA KIỂM THỬ
B3: Tên dự án | D3: Issue and Defect Tracking System in SAP
B4: Mã dự án | D4: IDTS-SAP01
B5: Mô tả thiết lập môi trường test | D5: Node.js/CAP/SQLite local; role seed; môi trường chính xác ghi theo từng case.
B8: STT | C8: Tên chức năng | D8: Tên trang tính | E8: Mô tả | F8: Điều kiện trước
B9: 1 | C9: UT-AI-001 — Cấu hình AI mặc định bị tắt | D9: Feature 1 | E9: SRS-FR-AI-003 UNIT / PASSED | F9: Không có cấu hình AI riêng tư.
B10: 2 | C10: UT-AI-002 — Mapping mock chat và structured response | D10: Feature 1 | E10: SRS-FR-AI-003 UNIT / PASSED | F10: Mock mode được bật.
B11: 3 | C11: UT-AI-003 — Mapping model và số chiều embedding | D11: Feature 1 | E11: SRS-FR-AI-003 UNIT / PASSED | F11: Đã cấu hình số chiều mock embedding.
B12: 4 | C12: UT-AI-004 — Provider error và timeout được sanitize | D12: Feature 1 | E12: SRS-FR-AI-002, SRS-FR-AI-003 UNIT / PASSED | F12: Có mode provider error và timeout được kiểm soát.
B13: 5 | C13: UT-AI-005 — Secret redactor che các key đại diện | D13: Feature 1 | E13: SRS-FR-AI-003 UNIT / PASSED | F13: Redactor đã được load.
B14: 6 | C14: FT-CREATE-001 — Tạo bug hợp lệ qua service | D14: Feature 1 | E14: SRS-FR-BUG-001, SRS-FR-CLASS-003 FUNCTIONAL_API / PASSED | F14: Tester đã đăng nhập; có priority, severity và environment active.
B15: 7 | C15: FT-VALID-001 — Từ chối catalog sai, rỗng và inactive | D15: Feature 1 | E15: SRS-FR-BUG-002, SRS-FR-CLASS-003, SRS-FR-STATUS-008 FUNCTIONAL_API / PASSED | F15: Tester đã đăng nhập; có reference value hợp lệ và inactive.
B16: 8 | C16: FT-AUTHZ-001 — Chỉ Tester hoặc PM được bắt đầu bug draft | D16: Feature 1 | E16: SRS-FR-AUTH-002, SRS-FR-BUG-001 FUNCTIONAL_API / PASSED | F16: Có user seed cho cả ba role.
B17: 9 | C17: FT-AUTH-SESSION-001 — Ranh giới xác thực, bearer session và đăng xuất | D17: Feature 1 | E17: SRS-FR-AUTH-001, SRS-FR-AUTH-002 PROGRAMMATIC_REGRESSION / PASSED | F17: CAP local có identity seed; không dùng identity provider production.
B18: 10 | C18: FT-DUP-001 — Hỗ trợ kiểm tra trùng trước khi tạo | D18: Feature 2 | E18: SRS-FR-BUG-003 FUNCTIONAL_UI_API / NOT_RUN | F18: Tester đã đăng nhập; có ít nhất một bug tương tự và một bug không liên quan.
B19: 11 | C19: FT-CLASS-ASSIGN-001 — Phân loại và assign theo responsibility active | D19: Feature 2 | E19: SRS-FR-CLASS-001, SRS-FR-CLASS-004, SRS-FR-ASSIGN-001 FUNCTIONAL_UI_API / NOT_RUN | F19: Có classification pair và Developer Responsibility active.
B20: 12 | C20: FT-PENDING-001 — Tạo bug không có assignee | D20: Feature 2 | E20: SRS-FR-ASSIGN-003, SRS-FR-STATUS-009 FUNCTIONAL_UI_API / NOT_RUN | F20: Tester đã đăng nhập và mọi field bắt buộc hợp lệ.
... B35: 27 | C35: UAT-006 — AI advisory và fallback an toàn | D35: Feature 2 | E35: SRS-FR-AI-002, SRS-FR-AI-003 UAT / PREPARED | F35: Có mode suggestion và disabled/failure được kiểm soát.

Sheet Test Statistics
B1: THỐNG KÊ KIỂM THỬ
B3: Tên dự án | C3: Issue and Defect Tracking System in SAP | E3: DonHV
B4: Mã dự án | C4: IDTS-SAP01 | E4: Mentor / Giảng viên
B5: Mã tài liệu | C5: IDTS-SAP01_Test Report_v0.3 | E5: Ngày phát hành | H5: 46226
B6: Ghi chú | C6: 27 kế hoạch; 12 đã chạy; 12 đạt; 0 không đạt; 0 bị chặn; 15 Chưa chạy/Prepared. Pending không phải Passed.
B10: STT | C10: Mã phân hệ | D10: Passed | E10: Failed | F10: Pending | G10: Bị chặn | H10: Số ca kiểm thử
B11: 1 | C11: Xác minh unit/API/integration đã chạy | D11: =COUNTIF('Feature 1'!$F$12:$F$23,"Passed") -> 12 | E11: =COUNTIF('Feature 1'!$F$12:$F$23,"Failed") -> 0 | F11: =COUNTIF('Feature 1'!$F$12:$F$23,"Pending") -> 0 | G11: =COUNTIF('Feature 1'!$F$12:$F$23,"Blocked") -> 0 | H11: =SUM(D11:G11) -> 12
B12: 2 | C12: Chuẩn bị functional manual và UAT | D12: =COUNTIF('Feature 2'!$F$12:$F$26,"Passed") -> 0 | E12: =COUNTIF('Feature 2'!$F$12:$F$26,"Failed") -> 0 | F12: =COUNTIF('Feature 2'!$F$12:$F$26,"Pending") -> 15 | G12: =COUNTIF('Feature 2'!$F$12:$F$26,"Blocked") -> 0 | H12: =SUM(D12:G12) -> 15
C14: Tổng phụ | D14: =SUM(D11:D12) -> 12 | E14: =SUM(E11:E12) -> 0 | F14: =SUM(F11:F12) -> 15 | G14: =SUM(G11:G12) -> 0 | H14: =SUM(H11:H12) -> 27
C16: Tỷ lệ thực thi case | E16: =IFERROR((D14+E14)/(H14),0) -> 0.44444444
C17: Tỷ lệ đạt trên case đã chạy | E17: =IFERROR(D14/(D14+E14),0) -> 1
B19: Metric | C19: Giá trị | D19: Cách tính / phạm vi
B20: Case kế hoạch | C20: 27 | D20: 27 canonical cases
B21: Case đã thực thi | C21: 12 | D21: 12 Passed + 0 Failed
B22: Đạt | C22: 12 | D22: Fresh evidence and required execution metadata
B23: Không đạt | C23: 0 | D23: Executed failed outcomes
B24: Bị chặn | C24: 0 | D24: Execution blockers
B25: Chưa chạy / Đang chờ | C25: 15 | D25: 9 NOT_RUN + 6 PREPARED
B26: Truy vết requirement theo kế hoạch | C26: 1 | D26: 32 / 32
B27: Coverage requirement đã thực thi | C27: 0.53125 | D27: 17 / 32
B28: Số assertion/check tự động | C28: 160 | D28: Fresh suite-reported checks; skipped checks are not Pass
B29: Số defect | C29: 12 | D29: Real tracked defects; no synthetic defect

Sheet Feature 1
A1: Chức năng | B1: Xác minh unit/API/integration đã chạy | R1: Passed
A2: Yêu cầu kiểm thử | B2: Case đã thực thi mới với lệnh chính xác hoặc evidence trực tiếp. | R2: Failed
A3: Số ca kiểm thử | B3: =COUNTA(A12:A23) -> 12 | R3: Pending
A4: Vòng kiểm thử | B4: Passed | C4: Failed | D4: Pending | E4: Blocked | R4: N/A
A5: Vòng 1 | B5: =COUNTIF($F$12:$F$23,"Passed") -> 12 | C5: =COUNTIF($F$12:$F$23,"Failed") -> 0 | D5: =COUNTIF($F$12:$F$23,"Pending") -> 0 | E5: =COUNTIF($F$12:$F$23,"Blocked") -> 0
A6: Vòng 2 | B6: =COUNTIF($F10:$F996,B4) -> 12 | C6: =COUNTIF($F10:$F996,C4) -> 0 | D6: =COUNTIF($F10:$F996,D4) -> 0 | E6: =COUNTIF($F10:$F996,E4) -> 0
A7: Vòng 3 | B7: =COUNTIF($F10:$F996,B4) -> 12 | C7: =COUNTIF($F10:$F996,C4) -> 0 | D7: =COUNTIF($F10:$F996,D4) -> 0 | E7: =COUNTIF($F10:$F996,E4) -> 0
A10: Mã ca kiểm thử | B10: Mô tả ca kiểm thử | C10: Quy trình kiểm thử | D10: Kết quả dự kiến | E10: Điều kiện trước | F10: Vòng 1 | G10: Ngày test | H10: Người thực thi | I10: Vòng 2 | J10: Ngày test | K10: Người thực thi | L10: Vòng 3 | M10: Ngày test | N10: Người thực thi | O10: Ghi chú
A11: Ca kiểm thử
A12: UT-AI-001 | B12: Cấu hình AI mặc định bị tắt | C12: Req: SRS-FR-AI-003 | Vai trò: N/A — module test | Dữ liệu: Object cấu hình mặc định. | 1) Load cấu hình AI. | 2) Gọi chat qua wrapper. | 3) Kiểm tra success/status và kết quả đã sanitize. | D12: enabled=false; kết quả là AI_DISABLED; không exception hoặc diagnostic không an toàn. | E12: Không có cấu hình AI riêng tư. | F12: Passed | G12: 2026-07-23T10:59:19+07:00 | H12: DonHV | I12: N/A | L12: N/A | O12: Thực tế: Đạt trong REG-AI-20260723. | Bằng chứng: scripts/qa/test-idts64-ai-provider.js | Defect: None | Giới hạn: Không dùng provider live. | Điều kiện sau: Không đổi business data.
A13: UT-AI-002 | B13: Mapping mock chat và structured response | C13: Req: SRS-FR-AI-003 | Vai trò: N/A — module test | Dữ liệu: Text an toàn và schema ClassificationSuggestion. | 1) Cấu hình mock provider. | 2) Gọi chat và structured operation. | 3) So sánh model, text và schema đã map. | D13: Cả hai operation thành công và secret nguồn bị loại không xuất hiện. | E13: Mock mode được bật. | F13: Passed | G13: 2026-07-23T10:59:19+07:00 | H13: DonHV | I13: N/A | L13: N/A | O13: Thực tế: Đạt trong REG-AI-20260723. | Bằng chứng: scripts/qa/test-idts64-ai-provider.js | Defect: None | Giới hạn: Chỉ dùng mock deterministic. | Điều kiện sau: Không đổi business data.
A14: UT-AI-003 | B14: Mapping model và số chiều embedding | C14: Req: SRS-FR-AI-003 | Vai trò: N/A — module test | Dữ liệu: Vector mock sáu chiều. | 1) Cấu hình dimension=6. | 2) Yêu cầu embedding. | 3) So sánh dimension, độ dài vector và model alias. | D14: Thành công với đúng sáu giá trị và model alias riêng cho embedding. | E14: Đã cấu hình số chiều mock embedding. | F14: Passed | G14: 2026-07-23T10:59:19+07:00 | H14: DonHV | I14: N/A | L14: N/A | O14: Thực tế: Đạt trong REG-AI-20260723. | Bằng chứng: scripts/qa/test-idts64-ai-provider.js | Defect: None | Giới hạn: Vector mock, không đánh giá chất lượng semantic. | Điều kiện sau: Không đổi business data.
A15: UT-AI-004 | B15: Provider error và timeout được sanitize | C15: Req: SRS-FR-AI-002, SRS-FR-AI-003 | Vai trò: N/A — module test | Dữ liệu: MOCK_PROVIDER_ERROR và embedding bị delay. | 1) Kích hoạt provider error. | 2) Kích hoạt timeout. | 3) Kiểm tra retryable flag và diagnostic public. | D15: AI_PROVIDER_ERROR/AI_TIMEOUT an toàn và giữ đúng retryability. | E15: Có mode provider error và timeout được kiểm soát. | F15: Passed | G15: 2026-07-23T10:59:19+07:00 | H15: DonHV | I15: N/A | L15: N/A | O15: Thực tế: Đạt trong REG-AI-20260723. | Bằng chứng: scripts/qa/test-idts64-ai-provider.js | Defect: None | Giới hạn: Chỉ là failure có kiểm soát. | Điều kiện sau: Workflow không dùng AI không bị ảnh hưởng.
A16: UT-AI-005 | B16: Secret redactor che các key đại diện | C16: Req: SRS-FR-AI-003 | Vai trò: N/A — module test | Dữ liệu: Pattern AWS access key và Brevo API key giả lập. | 1) Truyền chuỗi giả lập có dạng key vào redactor. | 2) Kiểm tra text trả về. | D16: Cả hai secret đại diện đều được che. | E16: Redactor đã được load. | F16: Passed | G16: 2026-07-23T10:59:19+07:00 | H16: DonHV | I16: N/A | L16: N/A | O16: Thực tế: Đạt trong REG-AI-20260723. | Bằng chứng: scripts/qa/test-idts64-ai-provider.js | Defect: None | Giới hạn: Chỉ pattern đại diện; không chứng minh mọi định dạng secret. | Điều kiện sau: Dữ liệu giả lập được bỏ.
A17: FT-CREATE-001 | B17: Tạo bug hợp lệ qua service | C17: Req: SRS-FR-BUG-001, SRS-FR-CLASS-003 | Vai trò: Tester | Dữ liệu: Payload bug đầy đủ đã sanitize với code active. | 1) Gửi create request hợp lệ. | 2) Đọc bug đã tạo theo ID. | 3) Kiểm tra business value bắt buộc. | D17: Create thành công và bug được persist với giá trị hợp lệ. | E17: Tester đã đăng nhập; có priority, severity và environment active. | F17: Passed | G17: 2026-07-23T10:59:07+07:00 | H17: DonHV | I17: N/A | L17: N/A | O17: Thực tế: Đạt: mã catalog active hợp lệ đã tạo bug. | Bằng chứng: scripts/qa/test-idts41-code-list-validation.js | Defect: IDTS-32 | Giới hạn: Chưa có evidence Fiori UI/reload mới. | Điều kiện sau: Dữ liệu test chỉ tồn tại trong database in-memory.
A18: FT-VALID-001 | B18: Từ chối catalog sai, rỗng và inactive | C18: Req: SRS-FR-BUG-002, SRS-FR-CLASS-003, SRS-FR-STATUS-008 | Vai trò: Tester | Dữ liệu: Code dạng số, sai hoa/thường, whitespace, unknown và inactive. | 1) Gửi từng biến thể create/update/draft sai. | 2) Kiểm tra response 400 và target field. | 3) Reload record sau update bị từ chối. | D18: Mọi giá trị sai bị từ chối và state hợp lệ đã lưu không đổi. | E18: Tester đã đăng nhập; có reference value hợp lệ và inactive. | F18: Passed | G18: 2026-07-23T10:59:07+07:00 | H18: DonHV | I18: N/A | L18: N/A | O18: Thực tế: Đạt cho các check create, update và draft sai. | Bằng chứng: scripts/qa/test-idts41-code-list-validation.js | Defect: IDTS-32 | Giới hạn: Chưa chạy lại UI value-state. | Điều kiện sau: Input bị từ chối không được persist.
A19: FT-AUTHZ-001 | B19: Chỉ Tester hoặc PM được bắt đầu bug draft | C19: Req: SRS-FR-AUTH-002, SRS-FR-BUG-001 | Vai trò: Developer / Tester / PM | Dữ liệu: Root draft NEW request cho từng role. | 1) Gọi root draft NEW bằng Developer. | 2) Lặp lại bằng Tester. | 3) Lặp lại bằng PM. | D19: Developer nhận 403; Tester và PM được phép. | E19: Có user seed cho cả ba role. | F19: Passed | G19: 2026-07-23T10:59:07+07:00 | H19: DonHV | I19: N/A | L19: N/A | O19: Thực tế: Đạt cho cả ba role. | Bằng chứng: scripts/qa/test-idts41-code-list-validation.js | Defect: IDTS-41 | Giới hạn: Chưa check button visibility bằng browser mới. | Điều kiện sau: Draft không được phép không tồn tại.
A20: FT-AUTH-SESSION-001 | B20: Ranh giới xác thực, bearer session và đăng xuất | C20: Req: SRS-FR-AUTH-001, SRS-FR-AUTH-002 | Vai trò: Anonymous / authenticated user | Dữ liệu: Input hợp lệ, sai và session bị revoke từ dữ liệu seed; raw token tạm thời không đưa vào artifact. | 1) Chạy npm run qa:auth:programmatic. | 2) Review 28 check về login, từ chối, session, bearer, me, logout, revoke và sanitize. | 3) Xác nhận exit code 0 và không có check fail/skip. | D20: Cả 28 check xác thực/session local đều đạt; lỗi được sanitize và session đã revoke không dùng lại được. | E20: CAP local có identity seed; không dùng identity provider production. | F20: Passed | G20: 2026-07-23T10:58:30+07:00 | H20: DonHV | I20: N/A | L20: N/A | O20: Thực tế: 28 đạt, 0 lỗi, 0 bỏ qua; exit code 0. | Bằng chứng: scripts/qa/test-auth-foundation-programmatic.js | Defect: IDTS-35, IDTS-52, IDTS-53 | Giới hạn: Chưa có UAT browser login/profile hiện tại và không claim identity provider production. | Điều kiện sau: Session test được revoke hoặc chỉ còn trong database in-memory.
A21: FT-COMMENT-001 | B21: Thêm comment và giữ lại sau reconnect | C21: Req: SRS-FR-COMMENT-001, SRS-FR-COMMENT-002 | Vai trò: Tester | Dữ liệu: Comment marker duy nhất đã sanitize. | 1) Thêm comment qua bound action. | 2) Đọc comment row. | 3) Kết nối lại cùng file SQLite. | 4) Đọc lại row và so sánh status bug. | D21: Comment còn sau reconnect và không trực tiếp đổi status bug. | E21: Có bug và test database dạng file. | F21: Passed | G21: 2026-07-23T10:59:13+07:00 | H21: DonHV | I21: N/A | L21: N/A | O21: Thực tế: Đạt: row được tạo và còn sau reconnect. | Bằng chứng: scripts/qa/test-comments-attachments-programmatic.js | Defect: IDTS-55 | Giới hạn: Chưa có evidence visual comment Fiori mới. | Điều kiện sau: Test database nằm trong .tmp bị ignore.
A22: FT-NOTIF-001 | B22: Notification outbox success, failure, retry và rollback isolation | C22: Req: SRS-FR-NOTIF-001, SRS-FR-NOTIF-002, SRS-FR-DELIVERY-001 | Vai trò: System / Tester | Dữ liệu: Biến thể enabled, disabled, recipient inactive, success và failure chứa secret giả. | 1) Tạo notification/outbox row. | 2) Xử lý biến thể success và failure. | 3) Đến thời điểm retry và xử lý lại. | 4) Kiểm tra field đã sanitize và OData shape. | 5) Ép business rollback và xác nhận row rollback. | D22: State là PENDING/SENT/FAILED/SKIPPED phù hợp; retry thành công; lỗi provider không lộ secret hoặc làm hỏng workflow. | E22: Có bug và recipient seed; fake transport có kiểm soát. | F22: Passed | G22: 2026-07-23T10:58:52+07:00 | H22: DonHV | I22: N/A | L22: N/A | O22: Thực tế: Đạt với 58 assertion bằng transport có kiểm soát. | Bằng chứng: scripts/qa/test-email-outbox-programmatic.js | Defect: None | Giới hạn: Không chạy provider live; delivery local bị tắt là SKIPPED. | Điều kiện sau: Chỉ có row local được kiểm soát.
A23: FT-PM-001 | B23: Flag, queue và current action owner cho PM | C23: Req: SRS-FR-PM-001, SRS-FR-PM-002, SRS-FR-PM-003, SRS-FR-STATUS-009 | Vai trò: PM | Dữ liệu: BUG-0001..0004 và một QA bug đã closed. | 1) Đọc calculated flag. | 2) Filter từng monitoring queue. | 3) Đọc currentActionOwnerDisplayName với sparse selection. | 4) So sánh boundary bug closed. | D23: Hai mươi check flag/filter/owner khớp; bug closed không overdue hoặc pending. | E23: Có bug seed open, closed, pending và rejected. | F23: Passed | G23: 2026-07-23T10:59:01+07:00 | H23: DonHV | I23: N/A | L23: N/A | O23: Thực tế: Đạt 20/20. | Bằng chứng: scripts/qa/test-pm-monitoring-programmatic.js | Defect: None | Giới hạn: Chưa check visual/UX dashboard mới. | Điều kiện sau: Monitoring read-only không đổi business data.

Sheet Feature 2
A2: Chức năng | B2: Chuẩn bị functional manual và UAT | R2: Passed
A3: Yêu cầu kiểm thử | B3: Flow UI manual vẫn NOT_RUN và UAT vẫn PREPARED; không claim sign-off. | R3: Failed
A4: Số ca kiểm thử | B4: =COUNTA(A12:A26) -> 15 | R4: Pending
A5: Vòng kiểm thử | B5: Passed | C5: Failed | D5: Pending | E5: Blocked | R5: N/A
A6: Vòng 1 | B6: =COUNTIF($F$12:$F$26,"Passed") -> 0 | C6: =COUNTIF($F$12:$F$26,"Failed") -> 0 | D6: =COUNTIF($F$12:$F$26,"Pending") -> 15 | E6: =COUNTIF($F$12:$F$26,"Blocked") -> 0
A7: Vòng 2 | B7: =COUNTIF($F10:$F996,B5) -> 0 | C7: =COUNTIF($F10:$F996,C5) -> 0 | D7: =COUNTIF($F10:$F996,D5) -> 15 | E7: =COUNTIF($F10:$F996,E5) -> 0
A8: Vòng 3 | B8: =COUNTIF($F10:$F996,B5) -> 0 | C8: =COUNTIF($F10:$F996,C5) -> 0 | D8: =COUNTIF($F10:$F996,D5) -> 15 | E8: =COUNTIF($F10:$F996,E5) -> 0
A10: Mã ca kiểm thử | B10: Mô tả ca kiểm thử | C10: Quy trình kiểm thử | D10: Kết quả dự kiến | E10: Điều kiện trước | F10: Vòng 1 | G10: Ngày test | H10: Người thực thi | I10: Vòng 2 | J10: Ngày test | K10: Người thực thi | L10: Vòng 3 | M10: Ngày test | N10: Người thực thi | O10: Ghi chú
A11: Ca kiểm thử
A12: FT-DUP-001 | B12: Hỗ trợ kiểm tra trùng trước khi tạo | C12: Req: SRS-FR-BUG-003 | Vai trò: Tester | Dữ liệu: Mô tả lỗi login mới và classification context. | 1) Mở Create Bug. | 2) Chạy kiểm tra bug tương tự. | 3) Review candidate và bỏ qua suggestion. | 4) Xác nhận không có DuplicateLinks mới và tiếp tục create. | D12: Candidate liên quan hiển thị dạng gợi ý; bỏ qua không đổi dữ liệu hoặc chặn create. | E12: Tester đã đăng nhập; có ít nhất một bug tương tự và một bug không liên quan. | F12: Pending | I12: N/A | L12: N/A | O12: Thực tế: Chưa chạy | Bằng chứng: N/A | Defect: None | Giới hạn: Chưa chạy mới duplicate review UI/API trong remediation này. | Điều kiện sau: Không có quan hệ duplicate tự động.
A13: FT-CLASS-ASSIGN-001 | B13: Phân loại và assign theo responsibility active | C13: Req: SRS-FR-CLASS-001, SRS-FR-CLASS-004, SRS-FR-ASSIGN-001 | Vai trò: Tester | Dữ liệu: Application Component=Bug Management; Defect Category=Fiori/UI5; một Developer phù hợp và một không phù hợp. | 1) Mở Create Bug. | 2) Chọn Application Component và Defect Category. | 3) Mở candidate Smart Assign/Assignee. | 4) Chọn Developer phù hợp và lưu. | 5) Reload bug. | D13: Chỉ candidate active có responsibility được chọn; bug lưu ở Assigned và ownership còn sau reload. | E13: Có classification pair và Developer Responsibility active. | F13: Pending | I13: N/A | L13: N/A | O13: Thực tế: Chưa chạy | Bằng chứng: N/A | Defect: IDTS-56 | Giới hạn: Cần evidence browser và persistence mới. | Điều kiện sau: Developer được assign là technical owner.
A14: FT-PENDING-001 | B14: Tạo bug không có assignee | C14: Req: SRS-FR-ASSIGN-003, SRS-FR-STATUS-009 | Vai trò: Tester | Dữ liệu: Bug hợp lệ nhưng không chọn assignee. | 1) Tạo bug hợp lệ. | 2) Không chọn assignee. | 3) Submit và reload. | 4) Kiểm tra status và Current Action Owner. | D14: Bug ở Pending Assignment; không Developer nào được tự chọn; PM/Tester queue nhận action tiếp theo. | E14: Tester đã đăng nhập và mọi field bắt buộc hợp lệ. | F14: Pending | I14: N/A | L14: N/A | O14: Thực tế: Chưa chạy | Bằng chứng: N/A | Defect: None | Giới hạn: Cần evidence create/reload mới. | Điều kiện sau: Bug chờ assignment rõ ràng.
A15: FT-REASSIGN-001 | B15: Reassign có history | C15: Req: SRS-FR-ASSIGN-004, SRS-FR-AUDIT-001 | Vai trò: Tester / PM | Dữ liệu: Lý do: cân bằng workload. | 1) Mở bug đã assign. | 2) Chọn Developer phù hợp khác. | 3) Lưu kèm lý do reassign. | 4) Reload ownership và History. | D15: Chỉ còn một assignee; history có actor, owner cũ/mới, lý do và timestamp. | E15: Có bug đã assign và Developer phù hợp thứ hai. | F15: Pending | I15: N/A | L15: N/A | O15: Thực tế: Chưa chạy | Bằng chứng: N/A | Defect: None | Giới hạn: Quyền PM reassign trực tiếp vẫn phụ thuộc decision đã ghi; chạy bằng role runtime hiện cho phép. | Điều kiện sau: Developer mới là technical owner.
A16: FT-DEV-INFO-001 | B16: Developer review và Request More Information | C16: Req: SRS-FR-STATUS-001, SRS-FR-STATUS-002, SRS-FR-STATUS-009 | Vai trò: Developer | Dữ liệu: Lý do: thiếu phiên bản browser và bước tái hiện chính xác. | 1) Mở bằng Developer không được assign và thử action. | 2) Mở bằng Developer được assign và gửi reason rỗng. | 3) Gửi reason hợp lệ. | 4) Reload status, owner, notification và history. | D16: Sai role/owner và reason rỗng bị chặn; action hợp lệ set Need More Information và Tester action owner cùng audit/notification. | E16: Bug đã assign; có account Developer được assign và không được assign. | F16: Pending | I16: N/A | L16: N/A | O16: Thực tế: Chưa chạy | Bằng chứng: N/A | Defect: None | Giới hạn: Cần evidence role matrix và reload mới. | Điều kiện sau: Tester phải bổ sung thông tin và resubmit.
A17: FT-REJECT-001 | B17: Reject, sửa và reassign | C17: Req: SRS-FR-STATUS-003, SRS-FR-STATUS-004, SRS-FR-STATUS-009 | Vai trò: Developer / Tester | Dữ liệu: Lý do: component là Notification, không phải Dashboard. | 1) Reject không reason và xác nhận validation. | 2) Reject với reason cụ thể. | 3) Reload status/history/current owner. | 4) Bằng Tester, sửa classification và reassign hoặc chọn Pending Assignment. | 5) Reload lại. | D17: Reason rỗng bị chặn; rejection hợp lệ ghi follow-up; sau sửa rời Rejected qua Assigned hoặc Pending Assignment, không đi thẳng Need More Information. | E17: Bug đã assign nhưng classification hoặc owner không phù hợp. | F17: Pending | I17: N/A | L17: N/A | O17: Thực tế: Chưa chạy | Bằng chứng: N/A | Defect: None | Giới hạn: Cần evidence lifecycle UI/API đầy đủ. | Điều kiện sau: Bug có technical/queue owner tiếp theo rõ ràng.
A18: FT-LIFECYCLE-001 | B18: Resolve, retest, close và reopen | C18: Req: SRS-FR-STATUS-005, SRS-FR-STATUS-006, SRS-FR-STATUS-007, SRS-FR-STATUS-008 | Vai trò: Developer / Tester / PM | Dữ liệu: Resolution note cùng một observation retest pass và một fail. | 1) Developer resolve kèm note. | 2) Tester/PM chuyển Retest Required. | 3) Ghi retest pass và close; reload. | 4) Trên bug thứ hai, ghi retest fail và reopen; reload. | D18: Pass đến Closed; fail đến Reopened; note bắt buộc, owner và audit nhất quán sau reload. | E18: Bug đang In Progress và tái hiện được. | F18: Pending | I18: N/A | L18: N/A | O18: Thực tế: Chưa chạy | Bằng chứng: N/A | Defect: None | Giới hạn: Chưa chạy mới full lifecycle trong remediation này. | Điều kiện sau: Closed không có next processor; Reopened quay lại xử lý active.
A19: FT-ATTACH-001 | B19: Upload, download, reload và xóa attachment | C19: Req: SRS-DATA-007, SRS-FR-AUDIT-001 | Vai trò: Tester | Dữ liệu: File text/image nhỏ, biến thể MIME không cho phép và file vượt giới hạn. | 1) Edit root draft và upload evidence hợp lệ. | 2) Activate và reload. | 3) Download và so sánh nội dung. | 4) Thử biến thể MIME/size sai. | 5) Xóa và kiểm tra cleanup metadata/object/history. | D19: Evidence hợp lệ persist và download được; biến thể sai bị chặn; delete dọn storage và ghi history. | E19: Tester đã đăng nhập, có bug và file evidence nhỏ được phép. | F19: Pending | I19: N/A | L19: N/A | O19: Thực tế: Chưa chạy | Bằng chứng: scripts/qa/test-comments-attachments.ps1 | Defect: IDTS-55 | Giới hạn: Command HTTP bắt buộc chưa chạy trong remediation; suite comments programmatic chỉ in note attachment. | Điều kiện sau: Không còn attachment mồ côi.
A20: FT-AI-REVIEW-001 | B20: Con người review AI suggestion mà không tự động mutation | C20: Req: SRS-FR-AI-002, SRS-FR-AI-003 | Vai trò: Tester / PM | Dữ liệu: Suggestion similar/classification/handoff với biến thể safe và malformed. | 1) Ghi giá trị bug trước suggestion. | 2) Mở review suggestion. | 3) Bỏ qua và reload. | 4) Lặp lại mode failure/malformed. | 5) Xác nhận giá trị bug không đổi và audit/feedback an toàn. | D20: Suggestion không tự đổi assignment, classification hoặc lifecycle; workflow bình thường vẫn dùng được. | E20: User đã đăng nhập; có mode AI disabled và suggestion có kiểm soát. | F20: Pending | I20: N/A | L20: N/A | O20: Thực tế: Chưa chạy | Bằng chứng: N/A | Defect: IDTS-78 | Giới hạn: REG-AI-20260723 chỉ chứng minh provider safety, không phải full business flow human-review này. | Điều kiện sau: Bug không đổi trừ khi user có quyền thực hiện action bình thường riêng.
A21: UAT-001 | B21: Tạo và phân loại bug | C21: Req: SRS-FR-BUG-001, SRS-FR-BUG-002, SRS-FR-CLASS-003, SRS-FR-ASSIGN-003 | Vai trò: Tester | Dữ liệu: Lỗi UI trong Bug Management; priority/severity hợp lệ; không assignee cho biến thể Pending. | 1) Mở Create Bug. | 2) Nhập đủ dữ liệu bắt buộc. | 3) Chọn classification. | 4) Submit một lần có assignee và một lần không. | 5) Reload cả hai bug. | D21: Assigned/Pending Assignment khớp lựa chọn; không tự chọn Developer; dữ liệu persist. | E21: Mentor/user có account Tester và test data sạch. | F21: Pending | I21: N/A | L21: N/A | O21: Thực tế: Chưa chạy | Bằng chứng: N/A | Defect: None | Giới hạn: Actual result, decision, tester/date và sign-off cố ý để trống tới khi UAT. | Điều kiện sau: Bug UAT được đánh dấu để cleanup.
A22: UAT-002 | B22: Developer review, request information và rejection | C22: Req: SRS-FR-STATUS-001, SRS-FR-STATUS-002, SRS-FR-STATUS-003, SRS-FR-STATUS-004 | Vai trò: Developer / Tester | Dữ liệu: Reason thiếu thông tin và reason rejection cụ thể. | 1) Bằng Developer được assign, review hai bug. | 2) Request information cho một bug kèm reason. | 3) Reject bug còn lại kèm reason. | 4) Bằng Tester, resubmit/sửa và reassign. | 5) Reload history và ownership. | D22: Reason bắt buộc, transition hợp lệ, notification, history và Current Action Owner đúng. | E22: Một bug assign phù hợp và một bug không phù hợp. | F22: Pending | I22: N/A | L22: N/A | O22: Thực tế: Chưa chạy | Bằng chứng: N/A | Defect: None | Giới hạn: Không claim execution/sign-off. | Điều kiện sau: Cả hai bug có next owner rõ ràng.
A23: UAT-003 | B23: Resolve, retest, close và reopen | C23: Req: SRS-FR-STATUS-005, SRS-FR-STATUS-006, SRS-FR-STATUS-007 | Vai trò: Developer / Tester / PM | Dữ liệu: Resolution note cùng một observation pass và một fail. | 1) Resolve cả hai bug. | 2) Chuyển cả hai sang Retest Required. | 3) Close bug pass. | 4) Reopen bug fail. | 5) Reload status/history/owner. | D23: Pass đóng; fail mở lại; không xuất hiện nhánh request information không được hỗ trợ sau retest. | E23: Hai bug đang In Progress. | F23: Pending | I23: N/A | L23: N/A | O23: Thực tế: Chưa chạy | Bằng chứng: N/A | Defect: None | Giới hạn: Không claim execution/sign-off. | Điều kiện sau: Một bug UAT Closed và một Reopened.
... A26: UAT-006 | B26: AI advisory và fallback an toàn | C26: Req: SRS-FR-AI-002, SRS-FR-AI-003 | Vai trò: Tester / PM | Dữ liệu: Suggestion similar/classification/handoff trên test bug. | 1) Ghi giá trị bug. | 2) Mở và bỏ qua suggestion. | 3) Reload và so sánh giá trị. | 4) Kích hoạt mode disabled/failure. | 5) Tiếp tục action bug bình thường có quyền. | D26: Không mutation tự động; hiển thị message an toàn; action bình thường vẫn dùng được. | E26: Có mode suggestion và disabled/failure được kiểm soát. | F26: Pending | I26: N/A | L26: N/A | O26: Thực tế: Chưa chạy | Bằng chứng: N/A | Defect: None | Giới hạn: Không claim execution/sign-off và không yêu cầu provider live. | Điều kiện sau: Bug test vẫn do con người kiểm soát.
